Feature,Q1,Q3,IQR,Lower_Bound,Upper_Bound,Outlier_Count,Outlier_Percentage
StudentID,12355.75,37528.25,25172.5,-25403.0,75287.0,0,0.0
SGPA_Sem1,6.08,8.34,2.26,2.6900000000000004,11.73,0,0.0
SGPA_Sem2,6.09,8.36,2.2699999999999996,2.6850000000000005,11.764999999999999,0,0.0
SGPA_Sem3,6.08,8.4,2.3200000000000003,2.5999999999999996,11.88,0,0.0
SGPA_Sem4,6.07,8.44,2.369999999999999,2.5150000000000015,11.994999999999997,0,0.0
SGPA_Sem5,6.07,8.47,2.4000000000000004,2.4699999999999998,12.07,0,0.0
SGPA_Sem6,6.07,8.5,2.4299999999999997,2.4250000000000007,12.145,0,0.0
SGPA_Sem7,6.05,8.53,2.4799999999999995,2.3300000000000005,12.249999999999998,0,0.0
SGPA_Sem8,6.05,8.57,2.5200000000000005,2.269999999999999,12.350000000000001,0,0.0
CGPA,6.03,8.48,2.45,2.355,12.155000000000001,0,0.0
AttendancePercent,67.6,85.9,18.30000000000001,40.14999999999998,113.35000000000002,0,0.0
Internships,1.0,2.0,1.0,-0.5,3.5,0,0.0
Projects,1.0,3.0,2.0,-2.0,6.0,0,0.0
Workshops,1.0,3.0,2.0,-2.0,6.0,0,0.0
Certifications,1.0,3.0,2.0,-2.0,6.0,0,0.0
Publications,0.0,1.0,1.0,-1.5,2.5,214,0.5349999999999999
AptitudeTestScore,58.4,79.7,21.300000000000004,26.449999999999992,111.65,0,0.0
SoftSkillsRating,2.4,3.9,1.5,0.1499999999999999,6.15,0,0.0
CodingTestScore,45.9,73.3,27.4,4.800000000000004,114.39999999999999,335,0.8375
MockInterviewScore,44.2,69.2,25.0,6.700000000000003,106.7,0,0.0
ExtraCurricular,0.0,1.0,1.0,-1.5,2.5,0,0.0
IsAnomaly,0.0,0.0,0.0,0.0,0.0,1399,3.4975
Salary Package,0.0,18.41,18.41,-27.615000000000002,46.025000000000006,0,0.0
